Source File	Size	loadResources	load-configure	scan	loadDepInfo	loadInfo	load	generateSnapshots	checkR4R4B	generateNarratives	validate	loadLists	checkConformanceResources	checkConformanceResources2	checkConformanceResources3	generateLogicalMaps	validateExpressions	scanForUsageStats	checkURLsUnique	processProvenanceDetails	generate1	generate2	responsesForQuestionnaire	generateLogicals	makeDependencies	generateExampleZip	generateValidationPack	scanProfilesForR5	scanExamplesForR5
/fsh-generated/resources/ImplementationGuide-smart.who.int.hiv.json	147257	-	0	0	0	0	0	0	17	108	0	0	1	0	0	0	0	5	0	0	673	508	0	0	0	0	29	0	5
fsh-generated/resources/ActorDefinition-Client.json	709	5	0	0	0	1	0	0	0	10	0	0	0	0	0	0	0	0	0	0	25	34	0	0	0	0	0	0	0
fsh-generated/resources/ActorDefinition-CommunityHealthWorker.json	976	4	1	0	0	0	0	0	0	8	0	0	0	0	0	0	0	0	0	0	25	30	0	0	0	0	0	0	0
fsh-generated/resources/ActorDefinition-DataEntryClerk.json	754	3	0	0	0	0	0	0	0	8	0	0	0	0	0	0	0	0	0	0	21	31	0	0	0	0	1	0	0
fsh-generated/resources/ActorDefinition-DistrictHealthInformationOfficer.json	772	3	0	0	0	0	0	0	0	8	0	0	0	0	0	0	0	0	0	0	27	30	0	0	0	0	0	0	0
fsh-generated/resources/ActorDefinition-KeyPopulations.json	1023	3	0	0	0	0	0	0	0	8	0	0	0	0	0	0	0	0	0	0	28	53	0	0	0	0	0	0	0
fsh-generated/resources/ActorDefinition-LabTechnician.json	747	3	0	0	0	0	0	0	0	8	0	0	0	0	0	0	0	0	0	0	27	32	0	0	0	0	0	0	0
fsh-generated/resources/ActorDefinition-Nurse.json	708	3	1	0	0	0	0	0	0	8	0	0	0	0	0	0	0	0	0	0	16	30	0	0	0	0	1	0	0
fsh-generated/resources/ActorDefinition-Pharmacist.json	688	3	0	0	0	0	0	0	0	8	0	0	0	0	0	0	0	0	0	0	17	31	0	0	0	0	0	0	0
fsh-generated/resources/ActorDefinition-Physician.json	812	3	0	0	0	0	0	0	0	9	0	0	0	0	0	0	0	0	0	0	17	30	0	0	0	0	0	0	0
fsh-generated/resources/ActorDefinition-SpecialPopulationClient.json	771	3	1	0	0	0	0	0	0	8	0	0	0	0	0	0	0	0	0	0	17	33	0	0	0	0	0	0	0
fsh-generated/resources/ActorDefinition-SpecialistMedicalDoctor.json	933	3	0	0	0	0	0	0	0	9	0	0	0	0	0	0	0	0	0	0	21	36	0	0	0	0	0	0	0
fsh-generated/resources/ActorDefinition-TrainedLayProvider.json	708	3	0	0	0	0	0	0	0	9	0	0	0	0	0	0	0	0	0	0	26	30	0	0	0	0	1	0	0
fsh-generated/resources/ActorDefinition-TrainedNonPhysicianClinician.json	1011	3	0	0	0	0	0	0	0	9	0	0	0	0	0	0	0	0	0	0	23	30	0	0	0	0	0	0	0
fsh-generated/resources/CodeSystem-HIVConcepts.json	361420	23	2	0	0	0	0	0	13	911	0	0	3	0	0	0	0	3	0	0	2149	2921	0	0	0	0	70	0	4
fsh-generated/resources/Library-AllConceptsLogic.json	1075	3	0	0	0	0	0	0	0	6	0	0	0	0	0	0	0	0	0	0	24	26	0	0	0	0	1	0	0
fsh-generated/resources/Library-AllContactDataElementsLogic.json	1152	5	1	0	0	0	0	0	0	2	0	0	0	0	0	0	0	0	0	0	23	18	0	0	0	0	0	0	0
fsh-generated/resources/Library-FHIRCommonLogic.json	1068	4	0	0	0	0	0	0	0	1	0	0	0	0	0	0	0	0	0	0	23	18	0	0	0	0	0	0	0
fsh-generated/resources/Library-FHIRHelpersLogic.json	1075	3	0	0	0	0	0	0	0	1	0	0	0	0	0	0	0	0	0	0	22	19	0	0	0	0	0	0	0
fsh-generated/resources/Library-HIVB2DTLogic.json	1047	2	0	0	0	0	0	0	0	0	0	0	0	0	0	0	0	0	0	0	23	18	0	0	0	0	1	0	0
fsh-generated/resources/Library-HIVB7DTLogic.json	1047	3	0	0	0	0	0	0	0	1	0	0	0	0	0	0	0	0	0	0	19	18	0	0	0	0	0	0	0
fsh-generated/resources/Library-HIVConceptsCustomLogic.json	1119	3	0	0	0	0	0	0	0	0	0	0	0	0	0	0	0	0	0	0	21	18	0	0	0	0	0	0	0
fsh-generated/resources/Library-HIVConceptsLogic.json	1075	3	0	0	0	0	0	0	0	1	0	0	0	0	0	0	0	0	0	0	16	18	0	0	0	0	0	0	0
fsh-generated/resources/Library-HIVIND11Logic.json	1105	3	0	0	0	0	0	0	0	2	0	0	0	0	0	0	0	0	0	0	45	21	0	0	0	0	0	0	0
fsh-generated/resources/Library-HIVIND12Logic.json	1078	2	0	0	0	0	0	0	0	2	0	0	0	0	0	0	0	0	0	0	42	20	0	0	0	0	1	0	0
fsh-generated/resources/Library-HIVIND13Logic.json	1070	3	1	0	0	0	0	0	0	2	0	0	0	0	0	0	0	0	0	0	34	11	0	0	0	0	0	0	0
fsh-generated/resources/Library-HIVIND14Logic.json	1106	3	0	0	0	0	0	0	0	2	0	0	0	0	0	0	0	0	0	0	42	11	0	0	0	0	0	0	0
fsh-generated/resources/Library-HIVIND15Logic.json	1132	3	0	0	0	0	0	0	0	4	0	0	0	0	0	0	0	0	0	0	34	11	0	0	0	0	1	0	0
fsh-generated/resources/Library-HIVIND16Logic.json	1067	2	0	0	0	0	0	0	0	2	0	0	0	0	0	0	0	0	0	0	50	12	0	0	0	0	0	0	0
fsh-generated/resources/Library-HIVIND18Logic.json	1067	3	0	0	0	0	0	0	1	3	0	0	0	0	0	0	0	1	0	0	58	16	0	0	0	0	0	0	0
fsh-generated/resources/Library-HIVIND19Logic.json	1107	3	0	0	0	0	0	0	0	3	0	0	0	0	0	0	0	0	0	0	61	22	0	0	0	0	1	0	0
fsh-generated/resources/Library-HIVIND20Logic.json	1083	3	0	0	0	0	0	0	0	5	0	0	0	0	0	0	0	0	0	0	68	22	0	0	0	0	1	0	0
fsh-generated/resources/Library-HIVIND21Logic.json	1056	3	1	0	0	0	0	0	0	2	0	0	0	0	0	0	0	0	0	0	69	20	0	0	0	0	0	0	0
fsh-generated/resources/Library-HIVIND22Logic.json	1112	2	0	0	0	0	0	0	0	2	0	0	0	0	0	0	0	0	0	0	55	21	0	0	0	0	1	0	0
fsh-generated/resources/Library-HIVIND24Logic.json	1174	3	0	0	0	0	0	0	0	1	0	0	0	0	0	0	0	0	0	0	54	20	0	0	0	0	0	0	0
fsh-generated/resources/Library-HIVIND25Logic.json	1110	3	0	0	0	0	0	0	0	21	0	0	0	0	0	0	0	0	0	0	75	86	0	0	0	0	1	0	0
fsh-generated/resources/Library-HIVIND27Logic.json	1100	2	0	0	0	0	0	0	0	1	0	0	0	0	0	0	0	0	0	0	63	21	0	0	0	0	1	0	0
fsh-generated/resources/Library-HIVIND28Logic.json	1218	3	0	0	0	0	0	0	0	1	0	0	0	0	0	0	0	0	0	0	79	22	0	0	0	0	0	0	0
fsh-generated/resources/Library-HIVIND29Logic.json	1096	3	0	0	0	0	0	0	0	1	0	0	0	0	0	0	0	0	0	0	67	20	0	0	0	0	4	0	0
fsh-generated/resources/Library-HIVIND2Logic.json	1074	3	0	0	0	0	0	0	0	1	0	0	0	0	0	0	0	0	0	0	71	12	0	0	0	0	1	0	0
fsh-generated/resources/Library-HIVIND30Logic.json	1053	2	1	0	0	0	0	0	0	1	0	0	0	0	0	0	0	0	0	0	47	12	0	0	0	0	1	0	0
fsh-generated/resources/Library-HIVIND31Logic.json	1082	3	0	0	0	0	0	0	0	1	0	0	0	0	0	0	0	0	0	0	46	12	0	0	0	0	0	0	0
fsh-generated/resources/Library-HIVIND32Logic.json	1092	3	0	0	0	0	0	0	0	1	0	0	0	0	0	0	0	0	0	0	57	12	0	0	0	0	1	0	0
fsh-generated/resources/Library-HIVIND33Logic.json	1123	2	0	0	0	0	0	0	0	1	0	0	0	0	0	0	0	0	0	0	50	11	0	0	0	0	1	0	0
fsh-generated/resources/Library-HIVIND34Logic.json	1131	3	0	0	0	0	0	0	0	1	0	0	0	0	0	0	0	0	0	0	49	14	0	0	0	0	1	0	0
fsh-generated/resources/Library-HIVIND35Logic.json	1057	3	0	0	0	0	0	0	0	1	0	0	0	0	0	0	0	0	0	0	79	13	0	0	0	0	1	0	0
fsh-generated/resources/Library-HIVIND37Logic.json	1085	3	0	0	0	0	0	0	0	1	0	0	0	0	0	0	0	0	0	0	47	11	0	0	0	0	0	0	0
fsh-generated/resources/Library-HIVIND38Logic.json	1109	2	0	0	0	0	0	0	0	0	0	0	0	0	0	0	0	0	0	0	44	11	0	0	0	0	1	0	0
fsh-generated/resources/Library-HIVIND39Logic.json	1057	4	0	0	0	0	0	0	0	1	0	0	0	0	0	0	0	0	0	0	41	16	0	0	0	0	3	0	0
fsh-generated/resources/Library-HIVIND3Logic.json	1094	2	1	0	0	0	0	0	1	1	0	0	0	0	0	0	0	0	0	0	77	12	0	0	0	0	1	0	0
fsh-generated/resources/Library-HIVIND40Logic.json	1099	3	0	0	0	0	0	0	0	0	0	0	0	0	0	0	0	0	0	0	47	12	0	0	0	0	0	0	0
fsh-generated/resources/Library-HIVIND41Logic.json	1106	3	0	0	0	0	0	0	0	1	0	0	0	0	0	0	0	0	0	0	43	11	0	0	0	0	1	0	0
fsh-generated/resources/Library-HIVIND42Logic.json	1067	3	0	0	0	0	0	0	0	1	0	0	0	0	0	0	0	0	0	0	43	11	0	0	0	0	0	0	0
fsh-generated/resources/Library-HIVIND43Logic.json	1104	3	0	0	0	0	0	0	0	0	0	0	0	0	0	0	0	0	0	0	45	11	0	0	0	0	1	0	0
fsh-generated/resources/Library-HIVIND44Logic.json	1095	3	0	0	0	0	0	0	0	1	0	0	0	0	0	0	0	0	0	0	42	11	0	0	0	0	1	0	0
fsh-generated/resources/Library-HIVIND45Logic.json	1128	3	0	0	1	0	0	0	0	1	0	0	0	0	0	0	0	0	0	0	48	12	0	0	0	0	0	0	0
fsh-generated/resources/Library-HIVIND46Logic.json	1147	2	0	0	0	0	0	0	0	0	0	0	0	0	0	0	0	0	0	0	51	12	0	0	0	0	1	0	0
fsh-generated/resources/Library-HIVIND47Logic.json	1080	3	0	0	0	0	0	0	0	1	0	0	0	0	0	0	0	0	0	0	47	15	0	0	0	0	0	0	0
fsh-generated/resources/Library-HIVIND48Logic.json	1078	3	1	0	0	0	0	0	0	10	0	0	0	0	0	0	0	0	0	0	69	12	0	0	0	0	2	0	0
fsh-generated/resources/Library-HIVIND49Logic.json	1113	2	0	0	0	0	0	0	0	0	0	0	0	0	0	0	0	0	0	0	44	11	0	0	0	0	0	0	0
fsh-generated/resources/Library-HIVIND4Logic.json	1037	3	0	0	0	0	0	0	0	1	0	0	0	0	0	0	0	0	0	0	52	12	0	0	0	0	1	0	0
fsh-generated/resources/Library-HIVIND50Logic.json	1118	3	0	0	0	0	0	0	0	1	0	0	0	0	0	0	0	0	0	0	50	11	0	0	0	0	1	0	0
fsh-generated/resources/Library-HIVIND51Logic.json	1112	3	0	0	0	0	0	0	0	0	0	0	0	0	0	0	0	0	0	0	52	11	0	0	0	0	0	0	0
fsh-generated/resources/Library-HIVIND52Logic.json	1109	2	0	0	0	0	0	0	0	1	0	0	0	0	0	0	0	0	0	0	52	12	0	0	0	0	1	0	0
fsh-generated/resources/Library-HIVIND53Logic.json	1126	3	0	0	0	0	0	0	0	9	0	0	0	0	0	0	0	0	0	0	98	13	0	0	0	0	2	0	1
fsh-generated/resources/Library-HIVIND54Logic.json	1068	3	0	0	0	0	0	0	0	0	0	0	0	0	0	0	0	0	0	0	52	11	0	0	0	0	0	0	0
fsh-generated/resources/Library-HIVIND55Logic.json	1232	3	0	0	0	0	0	0	0	1	0	0	0	0	0	0	0	0	0	0	55	12	0	0	0	0	1	0	0
fsh-generated/resources/Library-HIVIND56Logic.json	1069	3	0	0	0	0	0	0	0	0	0	0	0	0	0	0	0	0	0	0	45	11	0	0	0	0	1	0	0
fsh-generated/resources/Library-HIVIND57Logic.json	1089	2	1	0	0	0	0	0	1	1	0	0	0	0	0	0	0	0	0	0	53	11	0	0	0	0	1	0	0
fsh-generated/resources/Library-HIVIND58Logic.json	1105	3	0	0	0	0	0	0	0	0	0	0	0	0	0	0	0	0	0	0	59	12	0	0	0	0	0	0	0
fsh-generated/resources/Library-HIVIND59Logic.json	1087	3	0	0	0	0	0	0	0	1	0	0	0	0	0	0	0	0	0	0	50	11	0	0	0	0	1	0	0
fsh-generated/resources/Library-HIVIND5Logic.json	1057	2	0	0	0	0	0	0	0	0	0	0	0	0	0	0	0	0	0	0	45	12	0	0	0	0	1	0	0
fsh-generated/resources/Library-HIVIND60Logic.json	1107	3	0	0	0	0	0	0	0	1	0	0	0	0	0	0	0	0	0	0	41	11	0	0	0	0	0	0	0
fsh-generated/resources/Library-HIVIND61Logic.json	1096	3	0	0	0	0	0	0	0	0	0	0	0	0	0	0	0	0	0	0	41	11	0	0	0	0	1	0	0
fsh-generated/resources/Library-HIVIND62Logic.json	1145	2	0	0	0	0	0	0	0	0	0	0	0	0	0	0	0	0	0	0	59	11	0	0	0	0	0	0	0
fsh-generated/resources/Library-HIVIND63Logic.json	1127	4	0	0	0	0	0	0	0	1	0	0	0	0	0	0	0	0	0	0	53	12	0	0	0	0	1	0	0
fsh-generated/resources/Library-HIVIND64Logic.json	1111	2	0	0	0	0	0	0	0	1	0	0	0	0	0	0	0	0	0	0	45	11	0	0	0	0	1	0	0
fsh-generated/resources/Library-HIVIND65Logic.json	1083	3	0	0	0	0	0	0	0	0	0	0	0	0	0	0	0	0	0	0	45	11	0	0	0	0	0	0	0
fsh-generated/resources/Library-HIVIND66Logic.json	1151	3	1	0	0	0	0	0	0	1	0	0	0	0	0	0	0	0	0	0	55	12	0	0	0	0	1	0	0
fsh-generated/resources/Library-HIVIND67Logic.json	1133	3	0	0	0	0	0	0	0	0	0	0	0	0	0	0	0	0	0	0	50	11	0	0	0	0	1	0	0
fsh-generated/resources/Library-HIVIND68Logic.json	1153	3	0	0	0	0	0	0	0	1	0	0	0	0	0	0	0	0	0	0	43	11	0	0	0	0	0	0	0
fsh-generated/resources/Library-HIVIND69Logic.json	1129	2	0	0	0	0	0	0	0	0	0	0	0	0	0	0	0	0	0	0	42	11	0	0	0	0	1	0	0
fsh-generated/resources/Library-HIVIND6Logic.json	1039	3	0	0	0	0	0	0	0	1	0	0	0	0	0	0	0	0	0	0	48	12	0	0	0	0	0	0	0
fsh-generated/resources/Library-HIVIND70Logic.json	1098	3	0	0	0	0	0	0	0	0	0	0	0	0	0	0	0	0	0	0	62	12	0	0	0	0	1	0	0
fsh-generated/resources/Library-HIVIND71Logic.json	1080	2	0	0	0	0	0	0	0	1	0	0	0	0	0	0	0	0	0	0	57	11	0	0	0	0	3	0	0
fsh-generated/resources/Library-HIVIND72Logic.json	1077	3	0	0	0	0	0	0	0	1	0	0	0	0	0	0	0	0	0	0	65	12	0	0	0	0	1	0	0
fsh-generated/resources/Library-HIVIND73Logic.json	1093	3	1	0	0	0	0	0	0	0	0	0	0	0	0	0	0	0	0	0	58	12	0	0	0	0	1	0	0
fsh-generated/resources/Library-HIVIND74Logic.json	1153	3	0	0	0	0	0	0	0	1	0	0	0	0	0	0	0	0	0	0	54	12	0	0	0	0	1	0	0
fsh-generated/resources/Library-HIVIND75Logic.json	1135	2	0	0	0	0	0	0	0	0	0	0	0	0	0	0	0	0	0	0	49	11	0	0	0	0	0	0	0
fsh-generated/resources/Library-HIVIND76Logic.json	1117	3	0	0	0	0	0	0	1	1	0	0	0	0	0	0	0	0	0	0	95	12	0	0	0	0	1	0	0
fsh-generated/resources/Library-HIVIND77Logic.json	1099	3	0	0	0	0	0	0	0	1	0	0	0	0	0	0	0	0	0	0	59	12	0	0	0	0	0	0	0
fsh-generated/resources/Library-HIVIND78Logic.json	1181	2	0	0	0	0	0	0	0	0	0	0	0	0	0	0	0	0	0	0	57	12	0	0	0	0	1	0	0
fsh-generated/resources/Library-HIVIND79Logic.json	1163	3	0	0	0	0	0	0	0	1	0	0	0	0	0	0	0	0	0	0	52	11	0	0	0	0	0	0	0
fsh-generated/resources/Library-HIVIND7Logic.json	1076	3	0	0	0	0	0	0	0	0	0	0	0	0	0	0	0	0	0	0	51	12	0	0	0	0	1	0	0
fsh-generated/resources/Library-HIVIND80Logic.json	1170	3	0	0	0	0	0	0	0	0	0	0	0	0	0	0	0	0	0	0	48	11	0	0	0	0	0	0	0
fsh-generated/resources/Library-HIVIND81Logic.json	1152	2	1	0	0	0	0	0	0	1	0	0	0	0	0	0	0	0	0	0	48	11	0	0	0	0	1	0	0
fsh-generated/resources/Library-HIVIND82Logic.json	1144	3	0	0	0	0	0	0	0	0	0	0	0	0	0	0	0	0	0	0	47	12	0	0	0	0	0	0	0
fsh-generated/resources/Library-HIVIND83Logic.json	1182	3	0	0	0	0	0	0	0	0	0	0	0	0	0	0	0	0	0	0	48	11	0	0	0	0	0	0	0
fsh-generated/resources/Library-HIVIND84Logic.json	1164	2	0	0	0	0	0	0	0	0	0	0	0	0	0	0	0	0	0	0	46	12	0	0	0	0	1	0	0
fsh-generated/resources/Library-HIVIND85Logic.json	1141	3	0	0	0	0	0	0	0	1	0	0	0	0	0	0	0	1	0	0	52	11	0	0	0	0	0	0	0
fsh-generated/resources/Library-HIVIND86Logic.json	1123	3	0	0	0	0	0	0	0	0	0	0	0	0	0	0	0	0	0	0	48	11	0	0	0	0	1	0	0
fsh-generated/resources/Library-HIVIND87Logic.json	1115	2	0	0	0	0	0	0	0	1	0	0	0	0	0	0	0	0	0	0	49	12	0	0	0	0	0	0	0
fsh-generated/resources/Library-HIVIND88Logic.json	1158	3	0	0	0	0	0	0	0	0	0	0	0	0	0	0	0	0	0	0	51	11	0	0	0	0	0	0	0
fsh-generated/resources/Library-HIVIND89Logic.json	1140	3	0	0	0	0	0	0	0	10	0	0	0	0	0	0	0	0	0	0	81	13	0	0	0	0	1	0	0
fsh-generated/resources/Library-HIVIND8Logic.json	1085	3	0	0	0	0	0	0	0	1	0	0	0	0	0	0	0	0	0	0	43	11	0	0	0	0	1	0	0
fsh-generated/resources/Library-HIVIND90Logic.json	1088	2	1	0	0	0	0	0	0	0	0	0	0	0	0	0	0	0	0	0	48	11	0	0	0	0	0	0	0
fsh-generated/resources/Library-HIVIND91Logic.json	1146	3	0	0	0	0	0	0	0	0	0	0	0	0	0	0	0	0	0	0	50	11	0	0	0	0	1	0	0
fsh-generated/resources/Library-HIVIND92Logic.json	1121	3	0	0	0	0	0	0	0	1	0	0	0	0	0	0	0	0	0	0	49	12	0	0	0	0	0	0	0
fsh-generated/resources/Library-HIVIND93Logic.json	1097	2	0	0	0	0	0	0	0	0	0	0	0	0	0	0	0	0	0	0	39	11	0	0	0	0	0	0	0
fsh-generated/resources/Library-HIVIND94Logic.json	1115	3	0	0	0	0	0	0	1	0	0	0	0	0	0	0	0	0	0	0	41	11	0	0	0	0	1	0	0
fsh-generated/resources/Library-HIVIND95Logic.json	1077	3	0	0	0	0	0	0	0	0	0	0	0	0	0	0	0	0	0	0	46	11	0	0	0	0	0	0	0
fsh-generated/resources/Library-HIVIND96Logic.json	1077	3	0	0	0	0	0	0	0	1	0	0	0	0	0	0	0	0	0	0	44	12	0	0	0	0	0	0	0
fsh-generated/resources/Library-HIVIND9Logic.json	1121	2	0	0	0	0	0	0	0	13	0	0	0	0	0	0	0	0	0	0	70	12	0	0	0	0	1	0	0
fsh-generated/resources/Library-HIVIndicatorCommonLogic.json	1124	3	0	0	0	0	0	0	0	0	0	0	0	0	0	0	0	0	0	0	16	10	0	0	0	0	0	0	0
fsh-generated/resources/Library-WHOCommonLogic.json	1061	3	1	0	0	0	0	0	0	1	0	0	0	0	0	0	0	0	0	0	14	9	0	0	0	0	1	0	0
fsh-generated/resources/Library-WHOConceptsLogic.json	1075	3	0	0	0	0	0	0	0	0	0	0	0	0	0	0	0	0	0	0	14	10	0	0	0	0	0	0	0
fsh-generated/resources/Library-WHOElementsLogic.json	1075	2	0	0	0	0	0	0	0	0	0	0	0	0	0	0	0	0	0	0	14	10	0	0	0	0	0	0	0
fsh-generated/resources/Library-WHOEncounterElementsLogic.json	1138	4	0	0	0	0	0	0	0	0	0	0	0	0	0	0	0	0	0	0	15	10	0	0	0	0	0	0	0
fsh-generated/resources/Measure-HIVIND2.json	4268	3	0	0	0	0	0	0	0	53	0	0	0	0	0	0	0	0	0	0	29	13	0	0	0	0	0	0	0
fsh-generated/resources/Measure-HIVIND21.json	3820	2	0	0	0	0	0	0	0	13	0	0	0	0	0	0	0	0	0	0	28	13	0	0	0	0	0	0	0
fsh-generated/resources/Measure-HIVIND28.json	4159	3	0	0	0	0	0	0	0	9	0	0	0	0	0	0	0	0	0	0	30	12	0	0	0	0	1	0	0
fsh-generated/resources/Measure-HIVIND3.json	4718	3	0	0	0	0	0	0	0	10	0	0	0	0	0	0	0	0	0	0	31	12	0	0	0	0	0	0	0
fsh-generated/resources/Measure-HIVIND30.json	4162	3	0	0	0	0	0	0	1	8	0	0	0	0	0	0	0	0	0	0	29	12	0	0	0	0	0	0	0
fsh-generated/resources/Measure-IMMZIND08.json	3572	3	1	0	0	0	0	0	0	7	0	0	0	0	0	0	0	0	0	0	24	12	0	0	0	0	0	0	0
fsh-generated/resources/Measure-IMMZIND12.json	3284	3	0	0	0	0	0	0	0	11	0	0	0	0	0	0	0	0	0	0	25	12	0	0	0	0	0	0	1
fsh-generated/resources/Measure-IMMZIND13.json	3344	2	0	0	0	0	0	0	0	7	0	0	0	0	0	0	0	0	0	0	25	12	0	0	0	0	1	0	0
fsh-generated/resources/Questionnaire-HIV.A2GatherClientDetails.json	1621	3	0	0	0	0	0	0	0	20	0	0	0	0	0	0	0	0	0	0	52	20	0	0	0	1	0	0	0
fsh-generated/resources/Questionnaire-HIV.A5CreateNewClientRecord.json	5699	3	0	0	0	0	0	0	1	19	0	0	0	0	0	0	0	0	0	0	139	26	0	0	0	0	2	0	0
fsh-generated/resources/Questionnaire-HIV.A6.1ReviewSociodemographicDataWithClient.json	5765	4	0	0	0	0	0	0	0	12	0	0	0	0	0	0	0	0	0	0	145	33	0	0	0	0	2	0	0
fsh-generated/resources/Questionnaire-HIV.B18ProvideVoluntaryPartnerAndFamilyServices.json	962	3	0	0	0	0	0	0	0	10	0	0	0	0	0	0	0	0	0	0	35	15	0	0	0	0	0	0	0
fsh-generated/resources/Questionnaire-HIV.B1DetermineReasonForVisit.json	2419	2	0	0	0	0	0	0	0	12	0	0	0	0	0	0	0	0	0	0	66	24	0	0	0	0	1	0	0
fsh-generated/resources/Questionnaire-HIV.B20ScheduleRetest.json	871	3	0	0	0	0	0	0	0	9	0	0	0	0	0	0	0	0	0	0	35	13	0	0	0	0	1	0	0
fsh-generated/resources/Questionnaire-HIV.B21OfferPreventionOptions.json	2339	3	1	0	0	0	0	0	0	7	0	0	0	0	0	0	0	0	0	0	65	16	0	0	0	0	1	0	0
fsh-generated/resources/Questionnaire-HIV.B23OfferSexualAndReproductiveHealthServices.json	9065	3	0	0	0	0	0	0	1	14	0	0	0	0	0	0	0	0	0	0	202	24	0	0	0	0	2	0	0
fsh-generated/resources/Questionnaire-HIV.B6CaptureOrUpdateClientHistory.json	1135	3	0	0	0	0	0	0	0	6	0	0	0	0	0	0	0	0	0	0	38	20	0	0	0	0	0	0	0
fsh-generated/resources/Questionnaire-HIV.B7TestForHivUsingTestingAlgorithm.json	1558	2	0	0	0	0	0	0	0	7	0	0	0	0	0	0	0	0	0	0	48	14	0	0	0	0	1	0	0
fsh-generated/resources/Questionnaire-HIV.B8ProvidePostTestCounselling.json	897	3	0	0	0	0	0	0	0	8	0	0	0	0	0	0	0	1	0	0	35	17	0	0	0	0	0	0	0
fsh-generated/resources/Questionnaire-HIV.B9DetermineRecommendedServices.json	3716	3	0	0	0	0	0	0	0	7	0	0	0	0	0	0	0	0	0	0	89	17	0	0	0	0	1	0	0
fsh-generated/resources/Questionnaire-HIV.C10CounselOnRiskAndPrevention.json	2853	3	0	0	0	0	0	0	0	8	0	0	0	0	0	0	0	0	0	0	75	18	0	0	0	0	1	0	0
fsh-generated/resources/Questionnaire-HIV.C17DetermineRecommendedTests.json	913	2	0	0	0	0	0	0	0	5	0	0	0	0	0	0	0	0	0	0	34	16	0	0	0	0	1	0	0
fsh-generated/resources/Questionnaire-HIV.C1DetermineReasonForVisit.json	1083	3	0	0	0	0	0	0	0	6	0	0	0	0	0	0	0	0	0	0	38	14	0	0	0	0	0	0	0
fsh-generated/resources/Questionnaire-HIV.C21Diagnostics.json	1049	2	0	0	0	0	0	0	0	5	0	0	0	0	0	0	0	0	0	0	39	23	0	0	0	0	1	0	0
fsh-generated/resources/Questionnaire-HIV.C23PrescribeOrAdministerPrepOrPep.json	2959	3	1	0	0	0	0	0	1	6	0	0	0	0	0	0	0	0	0	0	75	28	0	0	0	0	1	0	0
fsh-generated/resources/Questionnaire-HIV.C24ScheduleFollowUp.json	1290	3	0	0	0	0	0	0	0	7	0	0	0	0	0	0	0	0	0	0	43	23	0	0	0	0	0	0	0
fsh-generated/resources/Questionnaire-HIV.C3CaptureOrUpdateClientHistory.json	914	2	0	0	0	0	0	0	0	5	0	0	0	0	0	0	0	0	0	0	34	13	0	0	0	0	1	0	0
fsh-generated/resources/Questionnaire-HIV.C6PostTestPackageOfServices.json	923	3	0	0	0	0	0	0	0	9	0	0	0	0	0	0	0	0	0	0	35	21	0	0	0	0	0	0	0
fsh-generated/resources/Questionnaire-HIV.C8SuitableForPrepOrPep.json	1071	4	0	0	0	0	0	0	0	10	0	0	0	0	0	0	0	0	0	0	39	23	0	0	0	0	1	0	0
fsh-generated/resources/Questionnaire-HIV.D10CounselReturningClient.json	2663	3	0	0	0	0	0	0	0	11	0	0	0	0	0	0	0	0	0	0	70	25	0	0	0	0	7	0	0
fsh-generated/resources/Questionnaire-HIV.D12DetermineRecommendedScreeningsAndTests.json	1187	3	0	0	0	0	0	0	0	9	0	0	0	0	0	0	0	0	0	0	39	19	0	0	0	0	1	0	0
fsh-generated/resources/Questionnaire-HIV.D14PreventScreenAndManageComorbiditiesAndCoinfections.json	1281	3	0	0	0	0	0	0	0	6	0	0	0	0	0	0	0	0	0	0	41	15	0	0	0	0	0	0	0
fsh-generated/resources/Questionnaire-HIV.D15DetermineClinicalStageOfHiv.json	929	2	0	0	0	0	0	0	0	5	0	0	0	0	0	0	0	0	0	0	38	16	0	0	0	0	1	0	0
fsh-generated/resources/Questionnaire-HIV.D16PerformOtherScreenings.json	3919	3	1	0	0	0	0	0	0	7	0	0	0	0	0	0	0	0	0	0	93	23	0	0	0	0	1	0	0
fsh-generated/resources/Questionnaire-HIV.D17CheckForSignsOfTreatmentFailure.json	921	3	0	0	0	0	0	0	0	5	0	0	0	0	0	0	0	0	0	0	34	13	0	0	0	0	1	0	0
fsh-generated/resources/Questionnaire-HIV.D19AssessForVaccinePreventableDiseases.json	3043	2	0	0	0	0	0	0	0	7	0	0	0	0	0	0	0	0	0	0	78	53	0	0	0	0	1	0	0
fsh-generated/resources/Questionnaire-HIV.D1DetermineReasonForVisit.json	904	3	0	0	0	0	0	0	0	5	0	0	0	0	0	0	0	0	0	0	35	24	0	0	0	0	1	0	0
fsh-generated/resources/Questionnaire-HIV.D20Diagnostics.json	8898	3	0	0	0	0	0	0	1	17	0	0	0	0	0	0	0	0	0	0	203	36	0	0	0	0	3	0	0
fsh-generated/resources/Questionnaire-HIV.D21DetermineRegimenAndTreatmentOptions.json	952	3	0	0	0	0	0	0	0	6	0	0	0	0	0	0	0	0	0	0	35	14	0	0	0	0	1	0	0
fsh-generated/resources/Questionnaire-HIV.D23Prescribe.json	830	2	0	0	0	0	0	0	0	5	0	0	0	0	0	0	0	0	0	0	34	15	0	0	0	0	0	0	0
fsh-generated/resources/Questionnaire-HIV.D24Counsel.json	4302	3	0	0	0	0	0	0	0	13	0	0	0	0	0	0	0	0	0	0	102	26	0	0	0	0	2	0	0
fsh-generated/resources/Questionnaire-HIV.D25OfferVoluntaryPartnerAndFamilyServices.json	1602	3	1	0	0	0	0	0	0	9	0	0	0	0	0	0	0	0	0	0	49	25	0	0	0	0	1	0	0
fsh-generated/resources/Questionnaire-HIV.D26OfferSexualAndReproductiveHealthServices.json	9065	3	0	0	0	0	0	0	1	18	0	0	0	0	0	0	0	0	0	0	202	32	0	0	0	0	3	0	1
fsh-generated/resources/Questionnaire-HIV.D28OfferOtherServices.json	875	3	0	0	0	0	0	0	0	10	0	0	0	0	0	0	0	0	0	0	34	14	0	0	0	0	1	0	0
fsh-generated/resources/Questionnaire-HIV.D29ScheduleFollowUp.json	1100	2	0	0	0	0	0	0	0	9	0	0	0	0	0	0	0	0	0	0	39	14	0	0	0	0	0	0	0
fsh-generated/resources/Questionnaire-HIV.D2TakeVitalSigns.json	1067	3	0	0	0	0	0	0	0	9	0	0	0	0	0	0	0	0	0	0	39	14	0	0	0	0	1	0	0
fsh-generated/resources/Questionnaire-HIV.D3CheckForSignsOfSeriousIllness.json	1139	3	0	0	0	0	0	0	0	8	0	0	0	0	0	0	0	0	0	0	44	15	0	0	0	0	1	0	0
fsh-generated/resources/Questionnaire-HIV.D4ScreenForTb.json	1712	3	0	0	0	0	0	0	0	6	0	0	0	0	0	0	0	0	0	0	53	14	0	0	0	0	0	0	0
fsh-generated/resources/Questionnaire-HIV.D8CaptureOrUpdateClientHistory.json	1762	2	0	0	0	0	0	0	0	10	0	0	0	0	0	0	0	1	0	0	53	14	0	0	0	0	3	0	0
fsh-generated/resources/Questionnaire-HIV.E1CaptureOrUpdateMotherSHistory.json	2245	3	0	0	0	0	0	0	0	8	0	0	0	0	0	0	0	0	0	0	62	15	0	0	0	0	3	0	0
fsh-generated/resources/Questionnaire-HIV.E4TestMotherForHivUsingTestingAlgorithm.json	2260	3	0	0	0	0	0	0	0	7	0	0	0	0	0	0	0	0	0	0	62	15	0	0	0	0	1	0	0
fsh-generated/resources/Questionnaire-HIV.F12Prescribe.json	1771	3	1	0	0	0	0	0	0	6	0	0	0	0	0	0	0	0	0	0	52	15	0	0	0	0	1	0	0
fsh-generated/resources/Questionnaire-HIV.F16ImmediatelyStartInfantOnArt.json	905	3	0	0	0	0	0	0	0	6	0	0	0	0	0	0	0	0	0	0	34	13	0	0	0	0	1	0	0
fsh-generated/resources/Questionnaire-HIV.F20RecordInfantSChildSFinalHivDiagnosis.json	2082	2	0	0	0	0	0	0	1	7	0	0	0	0	0	0	0	0	0	0	57	14	0	0	0	0	1	0	0
fsh-generated/resources/Questionnaire-HIV.F2TakeVitalSigns.json	1038	3	1	0	0	0	0	0	0	8	0	0	0	0	0	0	0	0	0	0	38	14	0	0	0	0	0	0	0
fsh-generated/resources/Questionnaire-HIV.F3CaptureOrUpdateInfantSChildSHistory.json	1143	3	0	0	0	0	0	0	0	9	0	0	0	0	0	0	0	0	0	0	39	13	0	0	0	0	1	0	0
fsh-generated/resources/Questionnaire-HIV.F6CheckWhetherInfantChildHadHivExposure.json	1172	2	0	0	0	0	0	0	0	9	0	0	0	0	0	0	0	0	0	0	39	14	0	0	0	0	0	0	0
fsh-generated/resources/Questionnaire-HIV.F8TestInfantChildForHivUsingTestingAlgorithm.json	1163	3	0	0	0	0	0	0	0	6	0	0	0	0	0	0	0	0	0	0	39	13	0	0	0	0	1	0	0
fsh-generated/resources/Questionnaire-HIV.H1IdentifyClientForFollowUp.json	1105	3	0	0	0	0	0	0	0	6	0	0	0	0	0	0	0	0	0	0	38	13	0	0	0	0	1	0	0
fsh-generated/resources/Questionnaire-HIV.H2AttemptToLocateClient.json	1914	2	0	0	0	0	0	0	0	6	0	0	0	0	0	0	0	0	0	0	56	15	0	0	0	0	1	0	0
fsh-generated/resources/Questionnaire-HIV.H3RecordOutreachAndResult.json	3946	3	0	0	0	0	0	0	0	13	0	0	0	0	0	0	0	0	0	0	100	17	0	0	0	0	1	0	0
fsh-generated/resources/Questionnaire-HIV.HFollowingUpAndContactingClients.json	1125	3	0	0	0	0	0	0	0	8	0	0	0	0	0	0	0	0	0	0	39	17	0	0	0	0	1	0	0
fsh-generated/resources/Questionnaire-HIV.I1EmergencyReferral.json	854	2	0	0	0	0	0	0	0	6	0	0	0	0	0	0	0	0	0	0	35	13	0	0	0	0	0	0	0
fsh-generated/resources/Questionnaire-HIV.I6ProvideInformationToReferralFacility.json	3058	3	0	0	0	0	0	0	0	7	0	0	0	0	0	0	0	0	0	0	79	17	0	0	0	0	2	0	0
fsh-generated/resources/StructureDefinition-HIVARegistration.json	18099	5	1	0	0	0	0	10	0	21	0	0	0	0	0	0	0	0	0	0	225	1210	0	0	1	0	5	0	0
fsh-generated/resources/StructureDefinition-HIVBHTSvisit.json	74331	6	0	0	0	0	0	44	0	38	0	0	1	0	0	0	0	2	0	0	858	1249	0	0	0	0	19	0	1
fsh-generated/resources/StructureDefinition-HIVCPrEPvisit.json	40522	4	0	0	0	0	0	45	0	23	0	0	0	0	0	0	0	1	0	0	487	633	0	0	0	0	10	0	1
fsh-generated/resources/StructureDefinition-HIVConfiguration.json	13929	4	0	0	0	0	0	35	0	11	0	0	0	0	0	0	0	0	0	0	170	250	0	0	0	0	4	0	0
fsh-generated/resources/StructureDefinition-HIVDCareTreatment.json	198974	11	0	0	0	0	0	100	0	111	0	0	1	0	0	0	0	4	0	0	2259	2014	0	0	1	0	56	1	3
fsh-generated/resources/StructureDefinition-HIVDHIVTB.json	23459	4	0	0	0	0	0	35	0	24	0	0	0	0	0	0	0	1	0	0	298	330	0	0	1	0	7	0	0
fsh-generated/resources/StructureDefinition-HIVEPMTCT.json	77678	6	0	0	0	0	0	55	0	120	0	0	0	0	0	0	0	2	0	0	900	862	0	0	0	0	20	0	1
fsh-generated/resources/StructureDefinition-HIVGDiagnostics.json	23950	4	0	0	0	0	0	39	0	25	0	0	0	0	0	0	0	0	0	0	290	239	0	0	0	0	7	0	1
fsh-generated/resources/StructureDefinition-HIVHFollowup.json	18238	3	0	0	0	0	0	36	0	20	0	0	0	0	0	0	0	0	0	0	230	179	0	0	0	0	4	0	0
fsh-generated/resources/StructureDefinition-HIVIReferral.json	8164	3	0	0	0	0	0	34	0	8	0	0	0	0	0	0	0	1	0	0	108	134	0	0	0	0	2	0	0
fsh-generated/resources/StructureDefinition-HIVPrevention.json	12325	3	1	0	0	0	0	7	0	9	0	0	0	0	0	0	0	0	0	0	155	168	0	0	0	0	3	0	0
fsh-generated/resources/StructureDefinition-HIVSurveillance.json	1382	3	0	0	0	0	0	5	0	5	0	0	0	0	0	0	0	0	0	0	32	65	0	0	0	0	1	0	0
fsh-generated/resources/ValueSet-HIV.A.DE13.json	569	2	0	0	0	0	0	0	0	64	0	0	0	0	0	0	0	0	0	0	14	3994	0	0	0	0	0	0	0
fsh-generated/resources/ValueSet-HIV.A.DE18.json	1178	3	0	0	0	0	0	0	0	18	0	0	0	0	0	0	0	0	0	0	17	61	0	0	0	0	0	0	0
fsh-generated/resources/ValueSet-HIV.A.DE25.json	986	3	0	0	0	0	0	0	1	9	0	0	0	0	0	0	0	0	0	0	15	65	0	0	0	0	1	0	0
fsh-generated/resources/ValueSet-HIV.A.DE30.json	1774	2	0	0	0	0	0	0	0	9	0	0	0	0	0	0	0	0	0	0	22	67	0	0	0	0	0	0	0
fsh-generated/resources/ValueSet-HIV.A.DE43.json	890	3	0	0	0	0	0	0	0	8	0	0	0	0	0	0	0	0	0	0	14	50	0	0	0	0	0	0	0
fsh-generated/resources/ValueSet-HIV.A.DE46.json	968	3	0	0	0	0	0	0	0	8	0	0	0	0	0	0	0	0	0	0	16	53	0	0	0	0	0	0	0
fsh-generated/resources/ValueSet-HIV.A.DE5.json	898	2	0	0	0	0	0	0	0	9	0	0	0	0	0	0	0	0	0	0	15	39	0	0	0	0	0	0	0
fsh-generated/resources/ValueSet-HIV.B.DE1.json	1042	3	0	0	0	0	0	0	0	5	0	0	0	0	0	0	0	0	0	0	16	39	0	0	0	0	1	0	0
fsh-generated/resources/ValueSet-HIV.B.DE102.json	1049	3	1	0	0	0	0	0	0	5	0	0	0	0	0	0	0	0	0	0	17	40	0	0	0	0	0	0	0
fsh-generated/resources/ValueSet-HIV.B.DE106.json	1067	2	0	0	0	0	0	0	0	5	0	0	0	0	0	0	0	0	0	0	16	53	0	0	0	0	0	0	0
fsh-generated/resources/ValueSet-HIV.B.DE111.json	1058	3	0	0	0	0	0	0	0	9	0	0	0	0	0	0	0	0	0	0	16	39	0	0	0	0	0	0	0
fsh-generated/resources/ValueSet-HIV.B.DE115.json	1108	3	0	0	0	0	0	0	0	5	0	0	0	0	0	0	0	0	0	0	16	45	0	0	0	0	0	0	0
fsh-generated/resources/ValueSet-HIV.B.DE120.json	627	2	0	0	0	0	0	0	0	6	0	0	0	0	0	0	0	0	0	0	13	31	0	0	0	0	1	0	0
fsh-generated/resources/ValueSet-HIV.B.DE121.json	1499	3	0	0	0	0	0	0	0	6	0	0	0	0	0	0	0	0	0	0	20	42	0	0	0	0	0	0	0
fsh-generated/resources/ValueSet-HIV.B.DE132.json	1045	2	0	0	0	0	0	0	0	5	0	0	0	0	0	0	0	0	0	0	17	42	0	0	0	0	0	0	0
fsh-generated/resources/ValueSet-HIV.B.DE136.json	1100	3	0	0	0	0	0	0	0	8	0	0	0	0	0	0	0	0	0	0	16	36	0	0	0	0	0	0	0
fsh-generated/resources/ValueSet-HIV.B.DE142.json	1518	3	0	0	0	0	0	0	0	10	0	0	0	0	0	0	0	0	0	0	20	40	0	0	0	0	0	0	0
fsh-generated/resources/ValueSet-HIV.B.DE149.json	2002	2	0	0	0	0	0	0	0	10	0	0	0	0	0	0	0	0	0	0	23	107	0	0	0	0	1	0	0
fsh-generated/resources/ValueSet-HIV.B.DE15.json	974	3	1	0	0	0	0	0	0	9	0	0	0	0	0	0	0	0	0	0	16	42	0	0	0	0	0	0	0
fsh-generated/resources/ValueSet-HIV.B.DE158.json	1551	3	0	0	0	0	0	0	0	10	0	0	0	0	0	0	0	0	0	0	19	39	0	0	0	0	0	0	0
fsh-generated/resources/ValueSet-HIV.B.DE165.json	1700	3	0	0	0	0	0	0	0	9	0	0	0	0	0	0	0	0	0	0	21	41	0	0	0	0	1	0	0
fsh-generated/resources/ValueSet-HIV.B.DE172.json	1382	2	0	0	0	0	0	0	0	9	0	0	0	0	0	0	0	0	0	0	19	56	0	0	0	0	0	0	0
fsh-generated/resources/ValueSet-HIV.B.DE179.json	1229	3	0	0	0	0	0	0	0	9	0	0	0	0	0	0	0	0	0	0	19	53	0	0	0	0	0	0	0
fsh-generated/resources/ValueSet-HIV.B.DE18.json	1205	3	0	0	0	0	0	0	0	6	0	0	0	0	0	0	0	0	0	0	17	52	0	0	0	0	0	0	0
fsh-generated/resources/ValueSet-HIV.B.DE191.json	954	2	1	0	0	0	0	0	1	6	0	0	0	0	0	0	0	0	0	0	15	51	0	0	0	0	0	0	0
fsh-generated/resources/ValueSet-HIV.B.DE201.json	643	3	0	0	0	0	0	0	0	4	0	0	0	0	0	0	0	0	0	0	15	44	0	0	0	0	1	0	0
fsh-generated/resources/ValueSet-HIV.B.DE204.json	965	2	0	0	0	0	0	0	0	5	0	0	0	0	0	0	0	0	0	0	18	40	0	0	0	0	0	0	0
fsh-generated/resources/ValueSet-HIV.B.DE207.json	2333	3	0	0	0	0	0	0	0	5	0	0	0	0	0	0	0	0	0	0	23	61	0	0	0	0	0	0	0
fsh-generated/resources/ValueSet-HIV.B.DE22.json	1503	3	0	0	0	0	0	0	0	5	0	0	0	0	0	0	0	0	0	0	20	39	0	0	0	0	0	0	0
fsh-generated/resources/ValueSet-HIV.B.DE226.json	1493	2	1	0	0	0	0	0	0	5	0	0	0	0	0	0	0	0	0	0	18	39	0	0	0	0	1	0	1
fsh-generated/resources/ValueSet-HIV.B.DE237.json	1767	3	0	0	0	0	0	0	0	5	0	0	0	0	0	0	0	0	0	0	21	45	0	0	0	0	0	0	0
fsh-generated/resources/ValueSet-HIV.B.DE250.json	1012	3	0	0	0	0	0	0	0	5	0	0	0	0	0	0	0	0	0	0	15	34	0	0	0	0	0	0	0
fsh-generated/resources/ValueSet-HIV.B.DE256.json	1016	2	0	0	0	0	1	0	0	4	0	0	0	0	0	0	0	0	0	0	16	34	0	0	0	0	0	0	0
fsh-generated/resources/ValueSet-HIV.B.DE261.json	1318	3	0	0	0	0	0	0	0	5	0	0	0	0	0	0	0	0	0	0	18	37	0	0	1	0	0	0	0
fsh-generated/resources/ValueSet-HIV.B.DE269.json	1232	3	0	0	0	0	0	0	0	5	0	0	0	0	0	0	0	0	0	0	17	46	0	0	0	0	1	0	0
fsh-generated/resources/ValueSet-HIV.B.DE276.json	1230	2	0	0	0	0	0	0	0	5	0	0	0	0	0	0	0	0	0	0	17	36	0	0	0	0	0	0	0
fsh-generated/resources/ValueSet-HIV.B.DE284.json	1321	3	0	0	0	0	0	0	0	5	0	0	0	0	0	0	0	0	0	0	18	36	0	0	0	0	0	0	0
fsh-generated/resources/ValueSet-HIV.B.DE293.json	1230	3	0	0	0	0	0	0	0	5	0	0	0	0	0	0	0	0	0	0	17	39	0	0	0	0	0	0	0
fsh-generated/resources/ValueSet-HIV.B.DE301.json	1056	2	0	0	0	0	0	0	0	5	0	0	0	0	0	0	0	0	0	0	16	40	0	0	0	0	0	0	0
fsh-generated/resources/ValueSet-HIV.B.DE306.json	1043	3	1	0	0	0	0	0	0	5	0	0	0	0	0	0	0	1	0	0	15	38	0	0	0	0	1	0	0
fsh-generated/resources/ValueSet-HIV.B.DE312.json	1002	2	0	0	0	0	0	0	0	5	0	0	0	0	0	0	0	0	0	0	16	54	0	0	0	0	0	0	0
fsh-generated/resources/ValueSet-HIV.B.DE317.json	1230	3	0	0	0	0	0	0	0	6	0	0	0	0	0	0	0	0	0	0	16	38	0	0	0	0	0	0	0
fsh-generated/resources/ValueSet-HIV.B.DE325.json	1028	3	0	0	0	0	0	0	0	5	0	0	0	0	0	0	0	0	0	0	16	36	0	0	0	0	0	0	0
fsh-generated/resources/ValueSet-HIV.B.DE33.json	1032	2	0	0	0	0	0	0	0	5	0	0	0	0	0	0	0	0	0	0	17	51	0	0	0	0	0	0	0
fsh-generated/resources/ValueSet-HIV.B.DE37.json	1357	3	0	0	0	0	0	0	1	5	0	0	0	0	0	0	0	0	0	0	19	50	0	0	0	0	1	0	0
fsh-generated/resources/ValueSet-HIV.B.DE44.json	579	3	0	0	0	0	0	0	0	4	0	0	0	0	0	0	0	0	0	0	16	29	0	0	0	0	0	0	0
fsh-generated/resources/ValueSet-HIV.B.DE5.json	1100	2	0	0	0	0	0	0	0	7	0	0	0	0	0	0	0	0	1	0	18	37	0	0	0	0	0	0	0
fsh-generated/resources/ValueSet-HIV.B.DE50.json	1325	3	0	0	0	0	0	0	0	7	0	0	0	0	0	0	0	0	0	0	19	38	0	0	0	0	0	0	0
fsh-generated/resources/ValueSet-HIV.B.DE61.json	1060	2	0	0	0	0	0	0	0	5	0	0	0	0	0	0	0	0	0	0	16	32	0	0	0	0	0	0	0
fsh-generated/resources/ValueSet-HIV.B.DE66.json	607	3	1	0	0	0	0	0	0	4	0	0	0	0	0	0	0	0	0	0	14	26	0	0	0	0	0	0	0
fsh-generated/resources/ValueSet-HIV.B.DE68.json	895	3	0	0	0	0	0	0	0	9	0	0	0	0	0	0	0	0	0	0	16	32	0	0	0	0	1	0	0
fsh-generated/resources/ValueSet-HIV.B.DE74.json	1205	2	0	0	0	0	0	0	0	7	0	0	0	0	0	0	0	0	0	0	17	33	0	0	0	0	0	0	0
fsh-generated/resources/ValueSet-HIV.B.DE8.json	1227	3	0	0	0	0	0	0	0	6	0	0	0	0	0	0	0	0	0	0	18	34	0	0	0	0	0	0	0
fsh-generated/resources/ValueSet-HIV.B.DE81.json	1264	2	0	0	0	0	0	0	0	5	0	0	0	0	0	0	0	0	0	0	17	47	0	0	0	0	0	0	0
fsh-generated/resources/ValueSet-HIV.B.DE88.json	614	3	0	0	0	0	0	0	0	5	0	0	0	0	0	0	0	0	0	0	13	26	0	0	0	0	0	0	0
fsh-generated/resources/ValueSet-HIV.B.DE94.json	1043	3	0	0	0	0	0	0	0	5	0	0	0	0	0	0	0	0	0	0	16	45	0	0	0	0	1	0	0
fsh-generated/resources/ValueSet-HIV.B.DE98.json	1046	2	0	0	0	0	0	0	0	6	0	0	0	0	0	0	0	0	0	0	17	53	0	0	0	0	0	0	0
fsh-generated/resources/ValueSet-HIV.C.DE1.json	1290	3	0	0	0	0	0	0	0	6	0	0	0	0	0	0	0	0	0	0	18	55	0	0	0	0	0	0	0
fsh-generated/resources/ValueSet-HIV.C.DE101.json	1099	2	1	0	0	0	0	0	0	5	0	0	0	0	0	0	0	0	0	0	17	34	0	0	0	0	0	0	0
fsh-generated/resources/ValueSet-HIV.C.DE107.json	1222	3	0	0	0	0	0	0	0	9	0	0	0	0	0	0	0	0	0	0	16	31	0	0	0	0	0	0	0
fsh-generated/resources/ValueSet-HIV.C.DE11.json	1088	3	0	0	0	0	0	0	0	6	0	0	0	0	0	0	0	0	0	0	17	32	0	0	0	0	1	0	0
fsh-generated/resources/ValueSet-HIV.C.DE112.json	1526	3	0	0	0	0	0	0	0	7	0	0	0	0	1	0	0	1	0	0	20	36	0	0	0	0	0	0	0
fsh-generated/resources/ValueSet-HIV.C.DE122.json	600	5	0	0	0	0	0	0	0	4	0	0	0	0	0	0	0	0	0	0	14	26	0	0	0	0	0	0	0
fsh-generated/resources/ValueSet-HIV.C.DE125.json	1070	3	0	0	0	0	0	0	0	5	0	0	0	0	0	0	0	0	0	0	17	32	0	0	0	0	0	0	0
fsh-generated/resources/ValueSet-HIV.C.DE131.json	1311	3	1	0	0	0	0	0	0	6	0	0	0	0	0	0	0	0	0	0	19	33	0	0	0	0	1	0	0
fsh-generated/resources/ValueSet-HIV.C.DE138.json	921	2	0	0	0	0	0	0	0	5	0	0	0	0	0	0	0	0	0	0	16	34	0	0	0	0	0	0	0
fsh-generated/resources/ValueSet-HIV.C.DE143.json	1310	3	0	0	0	0	0	0	0	7	0	0	0	0	0	0	0	0	0	0	18	37	0	0	0	0	0	0	0
fsh-generated/resources/ValueSet-HIV.C.DE149.json	1512	3	0	0	0	0	0	0	1	5	0	0	0	0	0	0	0	0	0	0	19	49	0	0	0	0	0	0	0
fsh-generated/resources/ValueSet-HIV.C.DE157.json	1679	2	0	0	0	0	0	0	0	5	0	0	0	0	0	0	0	0	0	0	20	41	0	0	0	0	0	0	0
fsh-generated/resources/ValueSet-HIV.C.DE164.json	1382	3	0	0	0	0	0	0	0	5	0	0	0	0	0	0	0	0	0	0	23	35	0	0	0	0	1	0	0
fsh-generated/resources/ValueSet-HIV.C.DE17.json	1330	3	0	0	0	0	0	0	0	5	0	0	0	0	0	0	0	0	0	0	24	36	0	0	0	0	0	0	0
fsh-generated/resources/ValueSet-HIV.C.DE24.json	1069	3	1	0	0	0	0	0	0	5	0	0	0	0	0	0	0	0	0	0	17	31	0	0	0	0	0	0	0
fsh-generated/resources/ValueSet-HIV.C.DE31.json	966	4	0	0	0	0	0	0	0	5	0	0	0	0	0	0	0	0	0	0	16	29	0	0	0	0	0	0	0
fsh-generated/resources/ValueSet-HIV.C.DE36.json	1308	2	0	0	0	0	0	0	0	5	0	0	0	0	0	0	0	0	0	0	18	33	0	0	0	0	1	0	0
fsh-generated/resources/ValueSet-HIV.C.DE41.json	1290	3	0	0	0	0	0	0	0	4	0	0	0	0	0	0	0	0	0	0	17	34	0	0	0	0	0	0	0
fsh-generated/resources/ValueSet-HIV.C.DE46.json	1500	3	0	0	0	0	0	0	0	5	0	0	0	0	0	0	0	0	0	0	19	43	0	0	0	0	0	0	0
fsh-generated/resources/ValueSet-HIV.C.DE55.json	1395	3	0	0	0	0	0	0	0	5	0	0	0	0	0	0	0	0	0	0	18	35	0	0	0	0	0	0	0
fsh-generated/resources/ValueSet-HIV.C.DE63.json	1570	2	0	0	0	0	0	0	0	5	0	0	0	0	0	0	0	0	0	0	19	36	0	0	0	0	0	0	0
fsh-generated/resources/ValueSet-HIV.C.DE75.json	1042	3	0	0	0	0	0	0	0	4	0	0	0	0	0	0	0	0	0	0	16	31	0	0	0	0	1	0	0
fsh-generated/resources/ValueSet-HIV.C.DE80.json	1133	2	0	0	0	0	0	0	0	5	0	0	0	0	0	0	0	0	0	0	16	32	0	0	0	0	0	0	0
fsh-generated/resources/ValueSet-HIV.C.DE91.json	1024	3	0	0	0	0	0	0	1	4	0	0	0	0	0	0	0	0	0	0	16	31	0	0	0	0	0	0	0
fsh-generated/resources/ValueSet-HIV.C.DE95.json	1028	3	1	0	0	0	0	0	0	5	0	0	0	0	0	0	0	0	0	0	16	42	0	0	0	0	0	0	0
fsh-generated/resources/ValueSet-HIV.C.DE99.json	819	2	0	0	0	0	0	0	0	6	0	0	0	0	0	0	0	0	0	0	14	28	0	0	0	0	0	0	0
fsh-generated/resources/ValueSet-HIV.Config.DE12.json	1176	3	0	0	0	0	0	0	0	4	0	0	0	0	0	0	0	0	0	0	16	28	0	0	0	0	1	0	0
fsh-generated/resources/ValueSet-HIV.Config.DE19.json	663	2	0	0	0	0	0	0	0	5	0	0	0	0	0	0	0	0	0	0	14	25	0	0	0	0	0	0	0
fsh-generated/resources/ValueSet-HIV.D.DE1.json	1449	3	0	0	0	0	0	0	0	5	0	0	0	0	0	0	0	0	0	0	18	34	0	0	0	0	0	0	0
fsh-generated/resources/ValueSet-HIV.D.DE1002.json	1340	3	0	0	0	0	0	0	0	5	0	0	0	0	0	0	0	0	0	0	20	37	0	0	0	0	0	0	0
fsh-generated/resources/ValueSet-HIV.D.DE1010.json	1344	2	0	0	0	0	0	0	0	9	0	0	0	0	0	0	0	0	0	0	18	35	0	0	0	0	1	0	0
fsh-generated/resources/ValueSet-HIV.D.DE1019.json	1048	3	1	0	0	0	0	0	0	5	0	0	0	0	0	0	0	0	0	0	19	33	0	0	0	0	0	0	0
fsh-generated/resources/ValueSet-HIV.D.DE1028.json	1264	3	0	0	0	0	0	0	0	5	0	0	0	0	0	0	0	0	0	0	18	56	0	0	0	0	0	0	0
fsh-generated/resources/ValueSet-HIV.D.DE1034.json	1274	2	0	0	0	0	0	0	0	5	0	0	0	0	0	0	0	0	0	0	18	52	0	0	0	0	0	0	0
fsh-generated/resources/ValueSet-HIV.D.DE128.json	2271	3	0	0	0	0	0	0	0	6	0	0	0	0	0	0	0	0	0	0	24	55	0	0	0	0	0	0	0
fsh-generated/resources/ValueSet-HIV.D.DE146.json	1187	2	0	0	0	0	0	0	0	5	0	0	0	0	0	0	0	0	0	0	18	33	0	0	0	1	1	0	0
fsh-generated/resources/ValueSet-HIV.D.DE152.json	1173	3	0	0	0	0	0	0	0	6	0	0	0	0	0	0	0	0	0	0	17	31	0	0	0	0	0	0	0
fsh-generated/resources/ValueSet-HIV.D.DE156.json	1254	3	0	0	0	0	0	0	0	6	0	0	0	0	0	0	0	0	0	0	16	32	0	0	0	0	0	0	0
fsh-generated/resources/ValueSet-HIV.D.DE162.json	1022	2	0	0	0	0	0	0	0	4	0	0	0	0	0	0	0	0	0	0	16	31	0	0	0	0	0	0	0
fsh-generated/resources/ValueSet-HIV.D.DE168.json	601	3	0	0	0	0	0	0	0	5	0	0	0	0	0	0	0	0	0	0	17	25	0	0	0	0	0	0	0
fsh-generated/resources/ValueSet-HIV.D.DE17.json	2009	3	0	0	0	0	0	0	0	5	0	0	0	0	0	0	0	0	0	0	22	47	0	0	0	0	1	0	0
fsh-generated/resources/ValueSet-HIV.D.DE170.json	1056	2	1	0	0	0	0	0	0	4	0	0	0	0	0	0	0	0	0	0	15	32	0	0	0	0	0	0	0
fsh-generated/resources/ValueSet-HIV.D.DE177.json	601	3	0	0	0	0	0	0	1	4	0	0	0	0	0	0	0	0	0	0	15	25	0	0	0	0	0	0	0
fsh-generated/resources/ValueSet-HIV.D.DE179.json	947	2	0	0	0	0	0	0	0	5	0	0	0	0	0	0	0	0	0	0	15	28	0	0	0	0	0	0	0
fsh-generated/resources/ValueSet-HIV.D.DE182.json	941	2	0	0	0	0	0	0	0	4	0	0	0	0	0	0	0	0	0	0	15	28	0	0	0	0	0	0	0
fsh-generated/resources/ValueSet-HIV.D.DE186.json	1432	3	0	0	0	0	0	0	0	5	0	0	0	0	0	0	0	0	0	0	19	37	0	0	0	0	1	0	0
fsh-generated/resources/ValueSet-HIV.D.DE197.json	2553	2	0	0	0	0	0	0	0	5	0	0	0	0	0	0	0	0	0	0	26	50	0	0	0	0	0	0	0
fsh-generated/resources/ValueSet-HIV.D.DE217.json	1406	3	0	0	0	0	0	0	0	5	0	0	0	0	0	0	0	0	0	0	19	35	0	0	0	0	0	0	0
fsh-generated/resources/ValueSet-HIV.D.DE225.json	1033	3	0	0	1	0	0	0	0	5	0	0	0	0	0	0	0	0	0	0	17	31	0	0	0	0	1	0	0
fsh-generated/resources/ValueSet-HIV.D.DE229.json	2872	2	0	0	0	0	0	0	0	10	0	0	0	0	0	0	0	1	0	0	27	61	0	0	0	0	0	0	0
fsh-generated/resources/ValueSet-HIV.D.DE247.json	2141	3	0	0	0	0	0	0	0	10	0	0	0	0	0	0	0	0	0	0	25	42	0	0	0	0	0	0	0
fsh-generated/resources/ValueSet-HIV.D.DE259.json	3721	3	1	0	0	0	0	0	0	11	0	0	0	0	0	0	0	0	0	0	36	71	0	0	0	0	1	0	0
fsh-generated/resources/ValueSet-HIV.D.DE289.json	9483	3	0	0	0	0	0	0	0	16	0	0	0	0	0	0	0	0	0	0	72	137	0	0	0	0	1	0	1
fsh-generated/resources/ValueSet-HIV.D.DE358.json	1207	2	0	0	0	0	0	0	0	10	0	0	0	0	0	0	0	0	0	0	18	34	0	0	0	0	1	0	0
fsh-generated/resources/ValueSet-HIV.D.DE370.json	1980	3	0	0	0	0	0	0	1	10	0	0	0	0	0	0	0	0	0	0	23	46	0	0	0	0	0	0	0
fsh-generated/resources/ValueSet-HIV.D.DE383.json	1098	3	0	0	0	0	0	0	0	7	0	0	0	0	0	0	0	0	0	0	17	33	0	0	0	0	0	0	0
fsh-generated/resources/ValueSet-HIV.D.DE391.json	1341	2	0	0	0	0	0	0	0	5	0	0	0	0	0	0	0	0	0	0	19	43	0	0	0	0	0	0	0
fsh-generated/resources/ValueSet-HIV.D.DE399.json	2199	3	0	0	0	0	0	0	0	6	0	0	0	0	0	0	0	0	0	0	22	53	0	0	0	0	1	0	0
fsh-generated/resources/ValueSet-HIV.D.DE418.json	1527	3	0	0	0	0	0	0	0	6	0	0	0	0	0	0	0	0	0	0	19	39	0	0	0	0	0	0	0
fsh-generated/resources/ValueSet-HIV.D.DE43.json	950	3	0	0	0	0	0	0	0	5	0	0	0	0	0	0	0	0	0	0	16	38	0	0	0	0	0	0	0
fsh-generated/resources/ValueSet-HIV.D.DE430.json	1184	2	1	0	0	0	0	0	0	4	0	0	0	0	0	0	0	0	0	0	17	37	0	0	0	0	0	0	0
fsh-generated/resources/ValueSet-HIV.D.DE444.json	575	3	0	0	0	0	0	0	0	5	0	0	0	0	0	0	0	0	0	0	14	29	0	0	0	0	1	0	0
fsh-generated/resources/ValueSet-HIV.D.DE446.json	971	4	0	0	0	0	0	0	0	4	0	0	0	0	0	0	0	0	0	0	15	31	0	0	0	0	0	0	0
fsh-generated/resources/ValueSet-HIV.D.DE449.json	1232	5	0	0	0	0	0	0	0	5	0	0	0	0	0	0	0	0	0	0	18	32	0	0	0	0	0	0	0
fsh-generated/resources/ValueSet-HIV.D.DE457.json	618	4	0	0	0	0	0	0	0	4	0	0	0	0	0	0	0	0	0	0	14	25	0	0	0	0	0	0	0
fsh-generated/resources/ValueSet-HIV.D.DE461.json	627	5	0	0	0	0	0	0	0	4	0	0	0	0	0	0	0	0	0	0	15	23	0	0	0	0	0	0	0
fsh-generated/resources/ValueSet-HIV.D.DE466.json	2444	3	0	0	0	0	0	0	0	5	0	0	0	0	0	0	0	0	0	0	24	46	0	0	0	0	1	0	0
fsh-generated/resources/ValueSet-HIV.D.DE482.json	673	2	0	0	0	0	0	0	0	5	0	0	0	0	0	0	0	0	0	0	14	25	0	0	0	0	0	0	0
fsh-generated/resources/ValueSet-HIV.D.DE483.json	683	3	0	0	0	0	0	0	0	4	0	0	1	0	0	0	0	0	0	0	13	23	0	0	0	0	0	0	0
fsh-generated/resources/ValueSet-HIV.D.DE485.json	625	2	1	0	0	0	0	0	0	4	0	0	0	0	0	0	0	0	0	0	14	23	0	0	0	0	0	0	0
fsh-generated/resources/ValueSet-HIV.D.DE486.json	682	5	0	0	0	0	0	0	0	6	0	0	0	0	0	0	0	0	0	0	14	24	0	0	0	0	0	0	0
fsh-generated/resources/ValueSet-HIV.D.DE488.json	642	5	0	0	0	0	0	0	0	4	0	0	0	0	0	0	0	0	0	0	15	26	0	0	0	0	0	0	0
fsh-generated/resources/ValueSet-HIV.D.DE489.json	657	5	0	0	0	0	0	0	0	5	0	0	0	0	0	0	0	0	0	0	14	25	0	0	0	0	0	0	0
fsh-generated/resources/ValueSet-HIV.D.DE491.json	623	2	0	0	0	0	0	0	0	4	0	0	0	0	0	0	0	0	0	0	14	24	0	0	0	0	0	0	0
fsh-generated/resources/ValueSet-HIV.D.DE492.json	681	3	0	0	0	0	0	0	0	4	0	0	0	0	0	0	0	0	0	0	15	24	0	0	0	0	1	0	0
fsh-generated/resources/ValueSet-HIV.D.DE494.json	640	3	0	0	0	0	0	0	0	4	0	0	0	0	0	0	0	0	0	0	12	23	0	0	0	0	0	0	0
fsh-generated/resources/ValueSet-HIV.D.DE495.json	654	2	0	0	0	0	0	0	0	4	0	0	0	0	0	0	0	0	0	0	14	32	0	0	0	0	0	0	0
fsh-generated/resources/ValueSet-HIV.D.DE514.json	646	3	0	0	0	0	0	0	0	4	0	0	0	0	0	0	0	0	0	0	13	38	0	0	0	0	0	0	0
fsh-generated/resources/ValueSet-HIV.D.DE519.json	1253	3	0	0	0	0	0	0	0	5	0	0	0	0	0	0	0	0	0	0	18	35	0	0	0	0	0	0	0
fsh-generated/resources/ValueSet-HIV.D.DE52.json	596	2	1	0	0	0	0	0	0	4	0	0	0	0	0	0	0	0	0	0	13	25	0	0	0	0	0	0	0
fsh-generated/resources/ValueSet-HIV.D.DE525.json	1303	3	0	0	0	0	0	0	1	5	0	0	0	0	0	0	0	0	0	0	19	33	0	0	0	0	0	0	0
fsh-generated/resources/ValueSet-HIV.D.DE532.json	1000	2	0	0	0	0	0	0	0	8	0	0	0	0	0	0	0	0	0	0	16	29	0	0	0	0	1	0	0
fsh-generated/resources/ValueSet-HIV.D.DE537.json	2933	3	0	0	0	0	0	0	0	8	0	0	0	0	0	0	0	0	0	0	27	100	0	0	0	0	0	0	0
fsh-generated/resources/ValueSet-HIV.D.DE55.json	620	3	0	0	0	0	0	0	0	5	0	0	0	0	0	0	0	0	0	0	13	25	0	0	0	0	0	0	0
fsh-generated/resources/ValueSet-HIV.D.DE56.json	1413	2	0	0	0	0	0	0	0	5	0	0	0	0	0	0	0	0	0	0	18	35	0	0	0	0	0	0	0
fsh-generated/resources/ValueSet-HIV.D.DE560.json	1489	3	0	0	0	0	0	0	0	5	0	0	0	0	0	0	0	0	0	0	18	47	0	0	0	0	1	0	0
fsh-generated/resources/ValueSet-HIV.D.DE569.json	3363	3	0	0	0	0	0	0	0	6	0	0	0	0	0	0	0	0	0	0	32	64	0	0	0	0	0	0	0
fsh-generated/resources/ValueSet-HIV.D.DE593.json	1522	2	0	0	0	0	0	0	0	5	0	0	0	0	0	0	0	0	0	0	20	40	0	0	0	0	0	0	0
fsh-generated/resources/ValueSet-HIV.D.DE603.json	597	3	0	0	0	0	0	0	0	4	0	0	0	0	0	0	0	0	0	0	15	28	0	0	0	0	1	0	0
fsh-generated/resources/ValueSet-HIV.D.DE604.json	578	2	1	0	0	0	0	0	0	4	0	0	0	0	0	0	0	0	0	0	14	28	0	0	0	0	0	0	0
fsh-generated/resources/ValueSet-HIV.D.DE606.json	613	3	0	0	0	0	0	0	0	4	0	0	0	0	0	0	0	0	0	0	14	28	0	0	0	0	0	0	0
fsh-generated/resources/ValueSet-HIV.D.DE610.json	3252	3	0	0	0	0	0	0	0	6	0	0	0	0	0	0	0	0	0	0	31	62	0	0	0	0	0	0	0
fsh-generated/resources/ValueSet-HIV.D.DE63.json	668	2	0	0	0	0	0	0	0	4	0	0	0	0	0	0	0	0	0	0	13	27	0	0	0	0	0	0	0
fsh-generated/resources/ValueSet-HIV.D.DE636.json	1276	3	0	0	0	0	0	0	0	5	0	0	0	0	0	0	0	0	0	0	18	34	0	0	0	0	1	0	0
fsh-generated/resources/ValueSet-HIV.D.DE64.json	626	3	0	0	0	0	0	0	0	4	0	0	0	0	0	0	0	0	0	0	13	25	0	0	0	0	0	0	0
fsh-generated/resources/ValueSet-HIV.D.DE646.json	1162	2	0	0	0	0	0	0	0	5	0	0	0	0	0	0	0	0	0	0	16	32	0	0	0	0	0	0	0
fsh-generated/resources/ValueSet-HIV.D.DE65.json	1526	3	0	0	0	0	0	0	0	5	0	0	0	0	0	0	0	0	0	0	19	37	0	0	0	0	0	0	0
fsh-generated/resources/ValueSet-HIV.D.DE658.json	1164	2	0	0	0	0	0	0	1	4	0	0	0	0	0	0	0	0	0	0	18	34	0	0	0	0	0	0	0
fsh-generated/resources/ValueSet-HIV.D.DE664.json	1052	3	0	0	0	0	0	0	0	5	0	0	0	0	0	0	0	0	0	0	15	33	0	0	1	0	1	0	0
fsh-generated/resources/ValueSet-HIV.D.DE668.json	1134	3	1	0	0	0	0	0	0	4	0	0	0	0	0	0	0	0	0	0	17	35	0	0	0	0	0	0	0
fsh-generated/resources/ValueSet-HIV.D.DE673.json	1315	2	0	0	0	0	0	0	0	5	0	0	0	0	0	0	0	0	0	0	18	37	0	0	0	0	0	0	0
fsh-generated/resources/ValueSet-HIV.D.DE681.json	1225	3	0	0	0	0	0	0	0	5	0	0	0	0	0	0	0	0	0	0	16	37	0	0	0	0	0	0	0
fsh-generated/resources/ValueSet-HIV.D.DE688.json	919	2	0	0	0	0	0	0	0	5	0	0	0	0	0	0	0	0	0	0	16	30	0	0	0	0	0	0	0
fsh-generated/resources/ValueSet-HIV.D.DE691.json	1307	3	0	0	0	0	0	0	0	5	0	0	0	0	0	0	0	0	0	0	18	33	0	0	0	0	1	0	0
fsh-generated/resources/ValueSet-HIV.D.DE697.json	1203	2	0	0	0	0	0	0	0	5	0	0	0	0	0	0	0	0	0	0	17	33	0	0	0	0	0	0	0
fsh-generated/resources/ValueSet-HIV.D.DE706.json	1010	3	0	0	0	0	0	0	0	4	0	0	0	0	0	0	0	0	0	0	16	30	0	0	0	0	0	0	0
fsh-generated/resources/ValueSet-HIV.D.DE709.json	961	3	0	0	0	0	0	0	0	5	0	0	0	0	0	0	0	0	0	0	17	29	0	0	0	0	0	0	0
fsh-generated/resources/ValueSet-HIV.D.DE712.json	1237	2	0	0	0	0	0	0	0	4	0	0	0	0	0	0	0	1	0	0	19	35	0	0	0	0	0	0	0
fsh-generated/resources/ValueSet-HIV.D.DE719.json	1453	3	0	0	0	0	0	0	0	5	0	0	0	0	0	0	0	0	0	0	20	38	0	0	0	0	1	0	0
fsh-generated/resources/ValueSet-HIV.D.DE731.json	1567	2	0	0	0	0	0	0	0	5	0	0	0	0	0	0	0	0	0	0	18	36	0	0	0	0	0	0	0
fsh-generated/resources/ValueSet-HIV.D.DE74.json	629	3	1	0	0	0	0	0	0	6	0	0	0	0	0	0	0	0	0	0	16	25	0	0	0	0	0	0	0
fsh-generated/resources/ValueSet-HIV.D.DE746.json	1512	3	0	0	0	0	0	0	0	8	0	0	0	0	0	0	0	0	0	0	20	41	0	0	0	0	0	0	0
fsh-generated/resources/ValueSet-HIV.D.DE75.json	583	2	0	0	0	0	0	0	0	5	0	0	0	0	0	0	0	0	0	0	13	25	0	0	0	0	0	0	0
fsh-generated/resources/ValueSet-HIV.D.DE753.json	1673	3	0	0	0	0	0	0	0	5	0	0	0	0	0	0	0	0	0	0	21	37	0	0	0	0	1	0	0
fsh-generated/resources/ValueSet-HIV.D.DE764.json	1441	2	0	0	0	0	0	0	0	5	0	0	0	0	0	0	0	0	0	0	18	36	0	0	0	0	0	0	0
fsh-generated/resources/ValueSet-HIV.D.DE77.json	645	3	0	0	0	0	0	0	0	6	0	0	0	0	0	0	0	0	0	0	14	25	0	0	0	0	0	0	0
fsh-generated/resources/ValueSet-HIV.D.DE778.json	1493	3	0	0	0	0	0	0	0	5	0	0	0	0	0	0	0	0	0	0	19	37	0	0	0	0	0	0	0
fsh-generated/resources/ValueSet-HIV.D.DE78.json	649	2	0	0	0	0	0	0	0	4	0	0	0	0	0	0	0	0	0	0	14	25	0	0	0	0	1	0	0
fsh-generated/resources/ValueSet-HIV.D.DE789.json	1767	3	0	0	0	0	0	0	0	5	0	0	0	0	0	0	0	0	0	0	20	41	0	0	0	0	0	0	0
fsh-generated/resources/ValueSet-HIV.D.DE79.json	681	2	0	0	0	0	0	0	1	4	0	0	0	0	0	0	0	0	0	0	14	26	0	0	0	0	0	0	0
fsh-generated/resources/ValueSet-HIV.D.DE80.json	647	3	1	0	0	0	0	0	0	5	0	0	0	0	0	0	0	0	0	0	15	25	0	0	0	0	0	0	0
fsh-generated/resources/ValueSet-HIV.D.DE802.json	1012	3	0	0	0	0	0	0	0	4	0	0	0	0	0	0	0	0	0	0	17	32	0	0	0	0	0	0	0
fsh-generated/resources/ValueSet-HIV.D.DE808.json	1016	2	0	0	0	0	0	0	0	5	0	0	0	0	0	0	0	0	0	0	17	31	0	0	0	0	0	0	0
fsh-generated/resources/ValueSet-HIV.D.DE81.json	651	3	0	0	0	0	0	0	0	4	0	0	0	0	0	0	0	0	0	0	14	25	0	0	0	0	1	0	0
fsh-generated/resources/ValueSet-HIV.D.DE813.json	1318	2	0	0	0	0	0	0	0	5	0	0	0	0	0	0	0	0	0	0	24	35	0	0	0	0	0	0	0
fsh-generated/resources/ValueSet-HIV.D.DE82.json	638	3	0	0	0	0	0	0	0	4	0	0	0	0	0	0	0	0	0	0	15	25	0	0	0	0	0	0	0
fsh-generated/resources/ValueSet-HIV.D.DE821.json	1232	3	0	0	0	0	0	0	0	5	0	0	0	0	0	0	0	0	0	0	17	35	0	0	0	0	0	0	0
fsh-generated/resources/ValueSet-HIV.D.DE828.json	1230	2	0	0	0	0	0	0	0	4	0	0	0	0	0	0	0	0	0	0	16	33	0	0	0	0	0	0	0
fsh-generated/resources/ValueSet-HIV.D.DE83.json	1543	3	0	0	0	0	0	0	0	6	0	0	0	0	0	0	0	0	0	0	19	35	0	0	0	0	1	0	0
fsh-generated/resources/ValueSet-HIV.D.DE836.json	1321	2	0	0	0	0	0	0	0	5	0	0	0	0	0	0	0	0	0	0	18	34	0	0	0	0	0	0	0
fsh-generated/resources/ValueSet-HIV.D.DE845.json	1230	3	1	0	0	0	0	0	0	6	0	0	0	0	0	0	0	0	0	0	18	34	0	0	0	0	0	0	0
fsh-generated/resources/ValueSet-HIV.D.DE853.json	1056	3	0	0	0	0	0	0	0	5	0	0	0	0	0	0	0	0	0	0	16	30	0	0	0	0	0	0	0
fsh-generated/resources/ValueSet-HIV.D.DE858.json	1043	3	0	0	0	0	0	0	0	6	0	0	0	0	0	0	0	0	0	0	17	33	0	0	0	0	1	0	0
fsh-generated/resources/ValueSet-HIV.D.DE864.json	1002	4	0	0	0	0	0	0	0	5	0	0	0	0	0	0	0	0	0	0	16	33	0	0	0	0	0	0	0
fsh-generated/resources/ValueSet-HIV.D.DE869.json	1230	4	0	0	0	0	0	0	0	4	0	0	0	0	0	0	0	0	0	0	17	35	0	0	0	0	0	0	1
fsh-generated/resources/ValueSet-HIV.D.DE877.json	1028	3	0	0	0	0	0	0	0	5	0	0	0	0	0	0	0	0	0	0	16	31	0	0	0	0	0	0	0
fsh-generated/resources/ValueSet-HIV.D.DE893.json	971	3	0	0	0	0	0	0	0	5	0	1	0	0	0	0	0	0	0	0	15	31	0	0	0	0	0	0	0
fsh-generated/resources/ValueSet-HIV.D.DE897.json	1185	2	0	0	0	0	0	0	0	4	0	0	0	0	0	0	0	0	0	0	17	34	0	0	0	0	1	0	0
fsh-generated/resources/ValueSet-HIV.D.DE90.json	4378	3	0	0	0	0	0	0	0	6	0	0	0	0	0	0	0	0	0	0	39	89	0	0	0	0	0	0	0
fsh-generated/resources/ValueSet-HIV.D.DE903.json	3609	3	0	0	0	0	0	0	1	7	0	0	0	0	0	0	0	0	0	0	32	84	0	0	0	0	1	0	0
fsh-generated/resources/ValueSet-HIV.D.DE934.json	1128	2	1	0	0	0	0	0	0	5	0	0	0	0	0	0	0	0	0	0	17	44	0	0	0	0	0	0	0
fsh-generated/resources/ValueSet-HIV.D.DE939.json	965	3	0	0	0	0	0	0	0	4	0	0	0	0	0	0	0	0	0	0	16	31	0	0	0	0	0	0	0
fsh-generated/resources/ValueSet-HIV.D.DE942.json	957	3	0	0	0	0	0	0	0	5	0	0	0	0	0	0	0	0	0	0	16	30	0	0	0	0	1	0	0
fsh-generated/resources/ValueSet-HIV.D.DE947.json	1109	2	0	0	0	0	0	0	0	5	0	0	0	0	0	0	0	0	0	0	18	36	0	0	0	0	0	0	0
fsh-generated/resources/ValueSet-HIV.D.DE956.json	2486	3	0	0	0	0	0	0	0	9	0	0	0	0	0	0	0	0	0	0	26	50	0	0	0	0	0	0	0
fsh-generated/resources/ValueSet-HIV.D.DE973.json	1868	2	0	0	0	0	0	0	0	6	0	0	0	0	0	0	0	0	0	0	20	43	0	0	0	0	1	0	0
fsh-generated/resources/ValueSet-HIV.D.DE986.json	1066	3	0	0	0	0	0	0	0	5	0	0	0	0	0	0	0	0	0	0	17	32	0	0	0	0	0	0	0
fsh-generated/resources/ValueSet-HIV.D.DE992.json	1200	3	1	0	0	0	0	0	0	4	0	0	0	0	0	0	0	0	0	0	18	36	0	0	0	0	0	0	0
fsh-generated/resources/ValueSet-HIV.E.DE104.json	1061	2	0	0	0	0	0	0	0	5	0	0	0	0	0	0	0	0	0	0	16	41	0	0	0	0	0	0	0
fsh-generated/resources/ValueSet-HIV.E.DE108.json	1094	3	0	0	0	0	0	0	0	5	0	0	0	0	0	0	0	0	0	0	17	34	0	0	0	0	0	0	0
fsh-generated/resources/ValueSet-HIV.E.DE114.json	1230	2	0	0	0	0	0	0	0	4	0	0	0	0	0	0	0	0	0	0	17	36	0	0	0	0	1	0	0
fsh-generated/resources/ValueSet-HIV.E.DE127.json	1042	3	0	0	0	0	0	0	0	5	0	0	0	0	0	0	0	0	0	0	16	33	0	0	0	0	0	0	0
fsh-generated/resources/ValueSet-HIV.E.DE136.json	970	3	0	0	0	0	0	0	0	5	0	0	0	0	0	0	0	0	0	0	16	32	0	0	0	0	0	0	0
fsh-generated/resources/ValueSet-HIV.E.DE141.json	1026	2	0	0	0	0	0	0	0	9	0	0	0	0	0	0	0	0	0	0	16	33	0	0	0	0	0	0	0
fsh-generated/resources/ValueSet-HIV.E.DE145.json	1064	3	0	0	0	0	0	0	0	8	0	0	0	0	0	0	0	0	0	0	15	33	0	0	0	0	0	0	0
fsh-generated/resources/ValueSet-HIV.E.DE149.json	1030	2	1	0	0	0	0	0	0	9	0	0	0	0	0	0	0	0	0	0	16	31	0	0	0	0	0	0	0
fsh-generated/resources/ValueSet-HIV.E.DE155.json	1315	3	0	0	0	0	0	0	0	6	0	0	0	0	0	0	0	0	0	0	19	33	0	0	0	0	1	0	0
fsh-generated/resources/ValueSet-HIV.E.DE168.json	1173	3	0	0	0	0	0	0	0	5	0	0	0	0	0	0	0	0	0	0	21	34	0	0	0	0	0	0	0
fsh-generated/resources/ValueSet-HIV.E.DE17.json	2594	2	0	0	0	0	0	0	1	6	0	0	0	0	0	0	0	0	0	0	27	52	0	0	0	0	0	0	0
fsh-generated/resources/ValueSet-HIV.E.DE173.json	1121	3	0	0	0	0	0	0	0	5	0	0	0	0	0	0	0	0	0	0	17	31	0	0	0	0	1	0	0
fsh-generated/resources/ValueSet-HIV.E.DE180.json	582	2	0	0	0	0	0	0	0	4	0	0	0	0	0	0	0	0	0	0	13	25	0	0	0	0	0	0	0
fsh-generated/resources/ValueSet-HIV.E.DE183.json	604	3	0	0	0	0	0	0	0	5	0	0	0	0	0	0	0	0	0	0	14	23	0	0	0	0	0	0	0
fsh-generated/resources/ValueSet-HIV.E.DE186.json	1045	3	0	0	0	0	0	0	0	4	0	0	0	0	0	0	0	0	0	0	16	32	0	0	0	0	0	0	0
fsh-generated/resources/ValueSet-HIV.E.DE190.json	1045	2	0	0	0	0	0	0	0	5	0	0	0	0	0	0	0	0	0	0	16	31	0	0	0	0	0	0	0
fsh-generated/resources/ValueSet-HIV.E.DE194.json	617	3	0	0	0	0	0	0	0	4	0	0	0	0	0	0	0	0	0	0	13	24	0	0	0	0	0	0	0
fsh-generated/resources/ValueSet-HIV.E.DE200.json	1049	2	1	0	0	0	0	0	0	5	0	0	0	0	0	0	0	0	0	0	17	31	0	0	0	0	1	0	0
fsh-generated/resources/ValueSet-HIV.E.DE204.json	1050	3	0	0	0	0	0	0	0	4	0	0	0	0	0	0	0	1	0	0	17	30	0	0	0	0	0	0	0
fsh-generated/resources/ValueSet-HIV.E.DE208.json	1049	3	0	0	0	0	0	0	0	5	0	0	0	0	0	0	0	0	0	0	20	31	0	0	0	0	0	0	0
fsh-generated/resources/ValueSet-HIV.E.DE212.json	1067	2	0	0	0	0	0	0	0	4	0	0	0	0	0	0	0	0	0	0	17	30	0	0	0	0	0	0	0
fsh-generated/resources/ValueSet-HIV.E.DE216.json	1059	3	0	0	0	0	0	0	0	5	0	0	0	0	0	0	0	0	0	0	17	30	0	0	0	0	0	0	0
fsh-generated/resources/ValueSet-HIV.E.DE220.json	1077	3	0	0	0	0	0	0	0	5	0	0	0	0	0	0	0	0	0	0	16	30	0	0	0	0	1	0	0
fsh-generated/resources/ValueSet-HIV.E.DE225.json	1106	2	0	0	0	0	0	0	0	4	0	0	0	0	0	0	0	0	0	0	16	31	0	0	0	0	0	0	0
fsh-generated/resources/ValueSet-HIV.E.DE230.json	1157	3	1	0	0	0	0	0	0	5	0	0	0	0	0	0	0	0	0	0	16	30	0	0	0	0	0	0	0
fsh-generated/resources/ValueSet-HIV.E.DE234.json	1277	2	0	0	0	0	0	0	0	5	0	0	0	0	0	0	0	0	0	0	17	36	0	0	0	0	0	0	0
fsh-generated/resources/ValueSet-HIV.E.DE240.json	574	3	0	0	0	0	0	0	0	4	0	0	0	0	0	0	0	0	0	0	14	26	0	0	0	0	0	0	0
fsh-generated/resources/ValueSet-HIV.E.DE246.json	1451	2	0	0	0	0	0	0	0	5	0	0	0	0	0	0	0	0	0	0	19	39	0	0	0	0	0	0	0
fsh-generated/resources/ValueSet-HIV.E.DE255.json	1129	3	0	0	0	0	0	0	0	4	0	0	0	0	0	0	0	0	0	0	16	31	0	0	0	0	1	0	0
fsh-generated/resources/ValueSet-HIV.E.DE259.json	1113	3	0	0	0	0	0	0	0	9	0	0	0	0	0	0	0	0	0	0	17	33	0	0	0	0	0	0	0
fsh-generated/resources/ValueSet-HIV.E.DE264.json	1714	2	0	0	0	0	0	0	0	10	0	0	0	0	0	0	0	0	0	0	22	40	0	0	0	0	0	0	0
fsh-generated/resources/ValueSet-HIV.E.DE41.json	1144	3	0	0	0	0	0	0	0	8	0	0	0	0	0	0	0	0	0	0	17	32	0	0	0	0	0	0	0
fsh-generated/resources/ValueSet-HIV.E.DE47.json	1127	2	0	0	0	0	0	0	1	6	0	0	0	0	0	0	0	0	0	0	17	32	0	0	0	0	1	0	0
fsh-generated/resources/ValueSet-HIV.E.DE52.json	1080	3	0	0	0	0	0	0	0	5	0	0	0	0	0	0	0	0	0	0	18	30	0	0	0	0	0	0	0
fsh-generated/resources/ValueSet-HIV.E.DE6.json	1175	3	1	0	0	0	0	0	0	7	0	0	0	0	0	0	0	0	0	0	17	32	0	0	0	0	0	0	0
fsh-generated/resources/ValueSet-HIV.E.DE62.json	1094	2	0	0	0	0	0	0	0	8	0	0	0	0	0	0	0	0	0	0	17	33	0	0	0	0	0	0	0
fsh-generated/resources/ValueSet-HIV.E.DE67.json	1017	3	0	0	0	0	0	0	0	6	0	0	0	0	0	0	0	0	0	0	15	32	0	0	0	0	0	0	0
fsh-generated/resources/ValueSet-HIV.E.DE75.json	570	2	0	0	0	0	0	0	0	4	0	0	0	0	0	0	0	0	0	0	14	25	0	0	0	0	1	0	0
fsh-generated/resources/ValueSet-HIV.E.DE91.json	984	3	0	0	0	0	0	0	0	5	0	0	0	0	0	0	0	0	0	0	15	33	0	0	0	0	0	0	0
fsh-generated/resources/ValueSet-HIV.G.DE13.json	1128	3	0	0	0	0	0	0	0	5	0	0	0	0	0	0	0	0	0	0	24	32	0	0	0	0	0	0	0
fsh-generated/resources/ValueSet-HIV.G.DE18.json	1016	2	0	0	0	0	0	0	0	4	0	0	0	0	0	0	0	0	0	0	16	30	0	0	0	0	0	0	0
fsh-generated/resources/ValueSet-HIV.G.DE22.json	1339	3	0	0	0	0	0	0	0	4	0	0	0	0	0	0	0	0	0	0	18	36	0	0	0	0	0	0	0
fsh-generated/resources/ValueSet-HIV.G.DE29.json	939	2	0	0	0	0	0	0	0	5	0	0	0	0	0	0	0	0	0	0	16	30	0	0	0	0	1	0	0
fsh-generated/resources/ValueSet-HIV.G.DE35.json	1334	3	0	0	0	0	0	0	0	5	0	0	0	0	0	0	0	0	0	0	18	35	0	0	0	0	0	0	0
fsh-generated/resources/ValueSet-HIV.G.DE43.json	1050	3	0	0	0	0	0	0	0	4	0	0	0	0	0	0	0	0	0	0	16	34	0	0	0	0	0	0	0
fsh-generated/resources/ValueSet-HIV.G.DE48.json	942	2	1	0	0	0	0	0	0	5	0	0	0	0	0	0	0	0	0	0	16	48	0	0	0	0	0	0	0
fsh-generated/resources/ValueSet-HIV.G.DE51.json	939	3	0	0	0	0	0	0	0	4	0	0	0	0	0	0	0	0	0	0	15	30	0	0	0	0	0	0	0
fsh-generated/resources/ValueSet-HIV.G.DE55.json	1224	2	0	0	0	0	0	0	0	5	0	0	0	0	0	0	0	0	0	0	18	34	0	0	0	0	1	0	0
fsh-generated/resources/ValueSet-HIV.G.DE62.json	1328	3	0	0	0	0	0	0	0	5	0	0	0	0	0	0	0	0	0	0	17	33	0	0	0	0	0	0	0
fsh-generated/resources/ValueSet-HIV.G.DE70.json	1006	3	0	0	0	0	0	0	0	5	0	0	0	0	0	0	0	0	0	0	16	31	0	0	1	0	0	0	0
fsh-generated/resources/ValueSet-HIV.G.DE74.json	927	4	0	0	0	0	0	0	0	4	0	0	0	0	0	0	0	0	0	0	15	31	0	0	0	0	0	0	0
fsh-generated/resources/ValueSet-HIV.H.DE1.json	1472	5	0	0	0	0	0	0	0	5	0	0	0	0	0	0	0	0	0	0	19	43	0	0	0	0	0	0	0
fsh-generated/resources/ValueSet-HIV.H.DE13.json	1019	2	0	0	0	0	0	0	0	5	0	0	0	0	0	0	0	0	0	0	17	35	0	0	0	0	1	0	0
fsh-generated/resources/ValueSet-HIV.H.DE17.json	1169	3	0	0	0	0	0	0	0	5	0	0	0	0	0	0	0	0	0	0	16	31	0	0	0	0	0	0	0
fsh-generated/resources/ValueSet-HIV.H.DE23.json	1365	3	1	0	0	0	0	0	0	5	0	0	0	0	0	0	0	0	0	0	18	35	0	0	0	0	0	0	0
fsh-generated/resources/ValueSet-HIV.H.DE34.json	1069	2	0	0	0	0	0	0	1	4	0	0	0	0	0	0	0	0	0	0	18	32	0	0	0	1	0	0	0
fsh-generated/resources/ValueSet-HIV.H.DE41.json	1191	3	0	0	0	0	0	0	0	5	0	0	0	0	0	0	0	0	0	0	17	33	0	0	0	0	1	0	0
fsh-generated/resources/ValueSet-HIV.H.DE50.json	589	3	0	0	0	0	0	0	0	4	0	0	0	0	0	0	0	0	0	0	13	36	0	0	0	0	0	0	0
fsh-generated/resources/ValueSet-HIV.H.DE53.json	2507	2	0	0	0	0	0	0	0	6	0	0	0	0	0	0	0	0	0	0	27	65	0	0	0	0	0	0	0
fsh-generated/resources/ValueSet-HIV.H.DE74.json	1401	3	0	0	0	0	0	0	0	5	0	0	0	0	0	0	0	0	0	0	19	36	0	0	0	0	0	0	0
fsh-generated/resources/ValueSet-HIV.I.DE2.json	1352	2	0	0	0	0	0	0	0	5	0	0	0	0	0	0	0	0	0	0	18	33	0	0	0	0	1	0	0
fsh-generated/resources/ValueSet-HIV.PRV.DE11.json	1035	3	0	0	0	0	0	0	0	5	0	0	0	0	0	0	0	0	0	0	16	33	0	0	0	0	0	0	0
fsh-generated/resources/ValueSet-HIV.PRV.DE2.json	1312	3	0	0	0	0	0	0	0	5	0	0	0	0	0	0	0	0	0	0	19	35	0	0	0	0	0	0	0
